Wallet,Realized PnL,Unrealized PnL,Total PnL,Total Bought,Total Sold,Remaining Tokens,Avg Entry Price
HsrQfrzqGcFX5rs5KqwnT4EPfSDDYzXkruodbi8iiCfD,0,0,0,0,0,0,0
4jygFqLf1pDDecbA3YkePKBbDdqg3MaDVbh1x25ECuqU,0,0,0,0,0,0,0
8y85Z8iuW3SK7eFiAJ35jEcHW5Tm3wbjxnWXJ2PFo9B5,0,0,0,0,0,0,0
pMUR4rUyT3HRu6N1UrJCzGfeAfpknYsNXDKaTQBuh1G,0,0,0,0,0,0,0
Cx6WqD4ViGZArdA3nPcneNBJxECftm36CZbtdb7jw9gP,0,0,0,0,0,0,0
DBLWvim4Sq7nkJuwGDkG8pr3Swsi1VMpRbM2f75uKY5Q,0,0,0,0,0,0,0
GXRYw29wzhB5P4DufTCnJXn6Qp9UZgmgyXFjUiuvcmct,0,123075.506069,123075.506069,150.003461,0,123225.50953,0.0012173085067542832501
5Q544fKrFoe6tsEbD7S8EmxGTJYAKtTVhAW5Q5pge4j1,-0.00025088713515506635265,12619.764804458135155,12619.764553571,0.085693428,0.008521536,12619.846633,0.0000064841153973194195194
HvTBbxeGBAiMb8QLZQfmkhXmas3g7AVNocoNX739DVuN,0,0,0,0,0,0,0
HBQoaeoVPEmYHtSe3Fy9E6PiaJ8adTDfLTVne9kCMdYT,0,0,0,0,0,0,0
5BzNDRNkAEkzww9m2SvsZEEskRfvqv6AJjipUi2dRKhf,0,0,0,0,14.683335,0,0
6vo1Mzdn9cLfP2K7wuSemoX56WPgYRYshQrkhQeM7Kjd,0,0,0,0,0,0,0
8hug268MycvhwkdsQw1v3zNdUB6whTWnKRc4ocSaUDH2,0,0,0,0,0,0,0
F89MnGDpzqZKe9dbeRiadfBx9CQMcCAFU6B2BmwNXqtj,0,0,0,0,67.200682000000000002,0,0
8yukaHt6dYkeB3sG7v4pA3BG2TaRHhahDZKG23pHZwf,0,0,0,0,0,0,0
7S27bTUsBnYZPzwMA1Ajr2BBLtGdge7e4RPB41Bde2Wr,0,0,0,0,0,0,0
8ZGRFsfs2ugBXA7xhXvsby963Q94V1xLP4e1AidYhCG2,0,0,0,0,0,0,0
3sJEpHDLTqCLLjwWHVQYoDiLjNHqmoLWPQaVADD592GP,0,0,0,0,0,0,0
GpMZbSM2GgvTKHJirzeGfMFoaZ8UR2X7F4v8vHTvxFbL,0.0049620632993801748878,0,0.0049620632993801748878,0.173101687,10.516308461,0,0
65ApgaJb2SRrkyAjM3JQTpcKXfbcTiBYbz1JFMg4ft8h,0,0,0,0,0,0,0
4DDPtmHC9GjpTmwnxYbrVeG6N5gibNoqPtgvXUtghUFG,0,0,0,0,0,0,0
3n7FyHZLEukzkxaAGCaRYTPvG4VGqioq77X2L41smWXv,0,0,0,0,0,0,0
4YaEXiQiMc4bUNZjScsUSBjhcZ7oTaaqXHjTTUttnT9F,0,0,0,0,0,0,0
7imnGYfCovXjMWKdbQvETFVMe72MQDX4S5zW4GFxMJME,0,0,0,0,0,0,0
G1ipyRoAKVGgqiukxLNZ97ohz8HDwHHvJ2roVM174x23,0,0,0,0,0,0,0
7RyYaQXPDmyEr2cyyuHE77pDDJ8r36WwNPms5CbrPWfZ,0,0,0,0,0,0,0
4CThQWYFDnzWEjXPHxLwGL1ynHBEEsV2AspfUwoz6D3s,0,0,0,0,0,0,0
67EsbbL9nCxEgdqPRSBjxsM8DztozzWCgf5fz9U8VJtq,0,0,0,0,0,0,0
FQABUevoZsXA85dfgDNUg3xQA8RNyi9PjF1gYQWqmjYE,0,0,0,0,0,0,0
4GqC31LufZ7a6kJwMjR29EKapj4GZr6JnKqjmgD3PRmV,0,0,0,0,0,0,0
Es6WDrJpdAQguYkEYmAT7YC2pyMX52Zk83cFsCorq4wo,0,0,0,0,0,0,0
ExcBWu8fGPdJiaF1b1z3iEef38sjQJks8xvj6M85pPY6,0,0,0,0,0,0,0
9V2c1AhDrbW9t8C3ozAv5Z3SuNGPrVr32urNAnxwyanX,0,0,0,0,0,0,0
AqAbRA2uNJTvA1V1BWTGfetTBGw74zYHPLZaBFKqfZ3f,0,0,0,0,0,0,0
9rN3nRC2q57khiF8kuf8jpu8HziQM6SsZXy9suxdwVtZ,0,0,0,0,0,0,0
3Aj5QoEepnCTBjtMMJxazrZwJV5PbEZ2miN3jR2Yq2qn,0,0,0,0,0,0,0
G2Jw3SqrbA6thxULNS2vxtRjYqAJCNzNEDoSfTVnUJ7,0,0,0,0,3557.482419,0,0
7UBMhc4kjH18235z1dxKBhjG4m9uv1djL3fV5EX7v1ZH,0,0,0,0,0,0,0
DjLQa7xgdnLde9LmmXY4cbj5Tq9kRyjzSp2KnPeKGuYR,0,0,0,0,0,0,0
685QbnRY7w9zkHKivCPFKcYqAFwBqrnyUK5KTqMpJjDa,0,0,0,0,0,0,0
ZG98FUCjb8mJ824Gbs6RsgVmr1FhXb2oNiJHa2dwmPd,0,0,0,0,0.047218722,0,0
AHtCo9hMRfU2F7LVdrGKJ4zXeSAHBF2jezjALuLgQZtw,0,0,0,0,0,0,0
AGjZKSKGS6Pu8NSyn1bfT2QGV4r3YecCjv9KycfDrXxx,0,0,0,0,0,0,0
BXSzKTTExtzVEx6mKckpfWY7HD6NX8yhT43XvARzem4G,0,0,0,0,0,0,0
2pNpcYkiknq5fSvwbQhjK1MuARCzd7t4uVvR1zYqSVSL,0,0,0,0,0,0,0
2qjpMXtxoesWmaUphbaJncPJgFxSimZoJqfQBBt1AMwS,0,0,0,0,0,0,0
3G28DnLsy6fVURd711HaeuQsde2fYKXPaNkdbcivikCs,0,0,0,0,0,0,0
7c3RBAdg49qxdR4bw56onCtpXVawA4ckqk6y4MN5VGT3,0,0,0,0,0,0,0
ProCXqRcXJjoUd1RNoo28bSizAA6EEqt9wURZYPDc5u,0,0,0,0,0,0,0
2DQq3eXaGEBT9j8gkBVM2LR8wQAmbSL53qzniYkPR8oA,0,0,0,0,0,0,0
DcPmz5TZ5pyeTdZqpP1CxxpxHRNyKjeFqeJead4BonE6,0,0,0,0,0,0,0
Hq8qvEUTgKAhArmE83Z6y2QAvzapGu2NA6uAdpDQpCag,0,0,0,0,0,0,0
Bj7CXM1Jjq7uAkVeszb4HqVfTCWSdvci3aZHeYN8RpDK,0,0,0,0,0,0,0
CDGy6wXP9t8Xo8rPkF9XfZWEbcDXidnZiqsThzfHDmsD,0,0,0,0,0,0,0
EFm8NPeESyLk7UUQ86LRv1GtgruBkpq1keuzCzxHwikE,0,0,0,0,0,0,0
3g9pBK3RPZjwraym1vC5YK79V4RbCMYFt5KNTKuc6Kkt,0,0,0,0,0,0,0
HHqGyAiJRLLHY8RTVkkJkxQYAtWLX56s1upKX7UL2PXT,0,0,0,0,0,0,0
Ck6p9DPaSnxQovU1DSzStMPowEFUckA4VyYBAvgQ7b4U,0,0,0,0,0,0,0
GRDw75uSbrBthU17VTGS2EuccmT5hxBusFFRzRkmK8dq,0,0,0,0,0,0,0
Ezyho7GDPcCSqtNeezDP74qJ7nz1gscMohpdCsVKmvMY,0,0,0,0,0,0,0
3iHKxZJDNJRnUoFz7qqrpD3KjRcCunTpjvkMTbf2qdWJ,0,0,0,0,0,0,0
7Z5VhcNSpMpaTVqRg8QTkySw6syfcTehTx8CqRPvf9bg,0,0,0,0,0,0,0
9c9mLSP36DBRqJt8cfD3gW52AQgYePoiaNdL7a7gWaxi,0,0,0,0,0,0,0
HV4LtcDKQQsKw61kfLteHFEwRUsDtg6T85opcPGhhUNZ,0,253539.82804,253539.82804,323.21283800000000001,0,253863.040878,0.0012731779974042291398
6L7mUb8k7sJvtoUDpwmqqk2KWCmvKe72x8P5yZ5sQSqe,0,0,0,0,0,0,0
DVdhRkyUbgHWiANAP47amWJomUs9TRUF7VtdXKNb4ppB,0,0,0,0,0,0,0
GnjmcvEZwZhqzKhKS7wvgSj9QKeGD8ANNNqhXLrkXTuu,0,0,0,0,0,0,0
913MqbJ5yd8PEFij719DwaJVPLJmUPCipVibmN5yFEpg,0,0,0,0,0,0,0
HYSzZCtN2CMBqKMJuxYMXkx5CDJWM71XYmpNXjeea3ZG,0,0,0,0,0,0,0
CyeQKDnXPSx81DLPrZh9ZS3bWoL8rrkokvXgcoktTKQ8,0,0,0,0,0,0,0
EVGA3eQTRyU8b1TcYYHVtfD354Q2KpCPCPrAe1KdCvNe,0,0,0,0,0,0,0
FERjPVNEa7Udq8CEv68h6tPL46Tq7ieE49HrE2wea3XT,0,0,0,0,0,0,0
4XKMhRXHwPZrCr4h94ZrsHtdw1QG6Kh1Vb4KK3Kc8FK8,0,0,0,0,0,0,0
FUNDduJTA7XcckKHKfAoEnnhuSud2JUCUZv6opWEjrBU,0,0,0,0,6.97859,0,0
E6QMRzXm4mKiLXx6aQDanqqiJepte6nXkMXmiiazmG8h,0,0,0,0,0,0,0
JBdzSsdaJfVE293NQehopTjxhv715vnEDgje3MYv6DRU,0,0,0,0,0,0,0
CUAtMbvR7ckU64853Foix33LSByZPRZMr645g6N1atkU,0,0,0,0,0,0,0
8J7tu5GFHCT8wCY2wm3nW9Pa5pH1xSkUXpiE9k8DfjWB,0,0,0,0,0,0,0
C1bEeF9ZfGESHc7WEDhDeaWCAFuXHgDFuuMZreZEtKKb,0,0,0,0,0.457035895,0,0
93f3UJ97zjeLomjZ8XiYLpCBDWma42EEg7Jo5FV578pa,0,0,0,0,0,0,0
5KDB3H7LffRZWXc1X5xPeAjNbvZVmiqvY2R8nzqQrFhM,0,0,0,0,0,0,0
F3W5Egd8Gj7KHUrhBUanow3wBwwkcv6dSYaRKtCdkbxT,0,0,0,0,0,0,0
8QGY4HvSsLHVkN8c8hFJxeeM7nwbuNGKGDb1XBydErFS,0,0,0,0,0,0,0
EfBYfMG1rPayfpCze3Bd9c8r1nfsENhAiHxY7X5DBscT,0,0,0,0,5147.67363,0,0
3G1p2m75RuWtwXSqVNik9KKJDPxd8rKQdRCE7RWTJzSS,0,0,0,0,0,0,0
4kSA6J8xuBkXfjCHUfmBXNytMrSRVpxJwskjZjXNRztD,0,0,0,0,0,0,0
G4VFTgzsyN5rJjLPkY2quxgAybAwASkRrcvJcu3pmTo2,0,0,0,0,0,0,0
qLQeQPWhT6AnZa3GubWNn4PxFEf98bDGSYu7TbKsdCF,0,0,0,0,0,0,0
CDbtgU3rFrS6HaDiZi8E9XeXF2dYYzJKLxYjS7Fy83Ep,0,0,0,0,0,0,0
2vQnDWtnA9cWb225ZvFFN4y4pKZv6kK35eKn8nzKcNHo,0,0,0,0,0,0,0
EcT4FV9uCCHRiwPpe8EirkRgwNxWMEeVYz2hAqce5Djk,0,114417.026211,114417.026211,156.798837,0,114573.825048,0.0013685397771638512609
E3pfDDoeDHkfxMSmXw8YsH1mQ7w683fp5B7nCHdDV4Tm,0,0,0,0,0,0,0
AGJFPWQLLJnpinC7prEPDNn3HEdBDPy3ndjdN5cgt1v8,0,0,0,0,0,0,0
AkMaLUXRmtT545yLSxcscqZLCoAGYYmVPKuACpEztB4f,0,0,0,0,0,0,0
8VCMkmqnzGE2KLFyeswKJ3jG1oCaaaDiq3GXiqNu2jrW,0,0,0,0,0,0,0
DJZBozPfykx3SNEwuZGhqjj2yWUgbEABsbU2yc4BSWqT,0,0,0,0,0,0,0
F5C9qHJoZtWn5qmcKvtGgt3Sk1ZCgq59fUuGKLXKXEzT,0,0,0,0,6.704607,0,0
A4b8YpPR98ha5V8JpxML7mFWTNJgMZdfnMYStLKGPCwy,0,0,0,0,0,0,0
Awhs2BD6sq9rbeaANZaqriUBSvtr2EewtdbXhuFnGCrw,0,0,0,0,0,0,0
8bBwwMzk5Kb8DgqpP2xHuy57kTJBiwkJS16Z3KdLNby,0,0,0,0,0,0,0
9queUtM8Go1DszAfgThJnngg2YgsTfQok5dWKhYWzJTg,0,0,0,0,0.86100000000000000003,0,0
Ef3eGuv5YaLpabHDeiCDWQGNvzjCYiYH7U5SoKCuQdhn,0,0,0,0,0,0,0
sDJA4hRE2XjSBDPh8zi2U1pgYExL8iUH7t9o1Ktpgie,0,0,0,0,0,0,0
Ze8v4qD9S7SdabPW6GD1d265geYSds84hRftALSxaSX,0,0,0,0,0,0,0
X7sFz6Wy1oPrgqPVioZdsz8tgspzptfEzp2bXo5Xcsa,0,0,0,0,0,0,0
6a4xT2Wyj3UtYi2xLewCZLzsqm1FdHeoGYpUjKqfbAwD,0,0,0,0,0,0,0
BiDjMLH2vHzEve5S17t9ZdsqHkzP2y5BDZqe18rt5ABS,0.000010039534259973361171,0,0.000010039534259973361171,0.000494459,0.001,0,0
CwgxLYqX7vmEgg4ivGwKT5SNWCUtHnogtd1h1vqi4xcb,0,0,0,0,0,0,0
4EZunhKCNzkySXbqKvxUy4BNJZDitTpcZ9FKrWyjzpU4,0,0,0,0,0,0,0
CZCX72anCXEeySZJWF6tWevRMuFBCiwxeHMrMxVisKN2,0,0,0,0,0,0,0
EEegK8bdU6hyj8LFk1jKYLA2Csrnf5Cve7uiH5VpEt8r,0,0,0,0,0,0,0
8JuGSkXjtLERr139LJ3xUgFWPTBxsSw3iraFTvXhqZQM,0,0,0,0,0,0,0
ADPPAvceFp7FjCkXFGYzdhHWqrkH5aHUP1ykAsfQznFt,0,0,0,0,0,0,0
9sUZHrfaoZXLzAKPvz5tCgxzvUMwB5Qr5JnCZgTsgADv,0,0,0,0,0,0,0
C66KQGtesGBirR97Uqe6U5HkfGJv9FctXgyLXscGmGa,0,0,0,0,0,0,0
Dc5uHFqjg4QGjpaRfBbM2dVSQqgKPhEiwSk1yDj7stSn,0,0,0,0,0,0,0
EbAWHgokh3bRbkErNsHYMM5K68KdfQPz2ZetXSMKscaA,0,0,0,0,0,0,0
AXhHwesNyS36gZVGJxwgtTapzaUiZsRWEsH2hQtnzGvz,0,0,0,0,0,0,0
4CeYhRpnJNkTQXnt253CPPCYGg5b4uftNcB7tvCwJKLA,0,0,0,0,0,0,0
2P2r7BeDt4A3hdtwDnMX5jJASuXi92XQsnuHzCHyPD1K,0,0,0,0,0,0,0
AxB8u1UecBBW82Ts218g3rW9seqV2zppswDNJUHRevkg,0,0,0,0,0,0,0
FLafzaZjBLR3YbTns3gQZwEJwFk7HkghZgp7Q3GsKTb,0,0,0,0,4.259637,0,0
Hr696WuGsuLaDmtkAR3YKsRpn7GMT4i5Hz6uQQBDM96K,0,0,0,0,0,0,0
5wJZDqvCgZGvw9NWByD16DCR2qUm8iogQ5Ps265JGbut,0,0,0,0,0,0,0
BrGBv2191fpn7KGP58MRy4RUNWZZJJ3oR3nYJrU7ufcF,0,0,0,0,0,0,0
5rfMaFVGTeTyxV5D4RyW3XMCA934VyJndSXaW3atj3m3,0,0,0,0,0,0,0
EgJnTZBefhHuiucQofnaT1uXgeSd6m6iKjCBANK1dxcS,0,0,0,0,0,0,0
3nMFwZXwY1s1M5s8vYAHqd4wGs4iSxXE4LRoUMMYqEgF,0,0,0,0,0,0,0
BH9JZu4a7E7Bdxv4B31uB2Gkuy7NCYj2qAdGVYuSze2U,0,312864.887232,312864.887232,420,0,313284.887232,0.0013406328141483990165
6aQj59HSDRLPPzSsJG4XbaZEVeFoWKtTf6bF3Wxpjmfr,0,0,0,0,0,0,0
GwwwGX7k7uaTsxWhVmhafnqT9msYbYJcU9RSkkFryaex,0,0,0,0,0,0,0
2LYimXR4fCpHJPNCXbUCJrN8Bj3d5TVFpvRAm3qADxap,0,0,0,0,0,0,0
EWa6vTmYtT2xbmjL4aMnWTMaF89CtxyQeKsEuiK8ZRRK,0,0,0,0,0,0,0
HLdycGkmhx7og9nVEQwhN1fazM5HjqRbUHmAx73y4efb,0,0,0,0,0,0,0
9Ztp3tXLVHJmzy9anxkrQ2vg5B7A9LcFCUTmq7S2kNk1,0,0,0,0,0,0,0
HVqxxWKXjE6FECevcSXJnXJmhaDWoQJaPw38zzmeCdJz,0,0,0,0,0,0,0
HAhLNPg3U2QfjDTUo1VCMo3GprHZewRZeKS99khHnkCU,0,0,0,0,0,0,0
Bp7tp82QqC1sU5gfSS1ioD4aQUHrngxCgFtqWoRJBo6R,0,0,0,0,0,0,0
J3KGjxQdwXNbRArgvH4qEUtFMeFzK7LENJG8kVP6oj98,0,0,0,0,0,0,0
DNMD1XQKQBCWvFBdDoLsPBckoQzmpfGmSw2Zj5jJMHg2,0,0,0,0,0,0,0
FU72cx8SLVEnC3UxurHhwf7tQHBrJsi3G3TWccUJtin5,0,0,0,0,0,0,0
8KprGnnD3hiGkUYFCozR7EkcWh4SGNRGykTnJGXaN6eL,0,0,0,0,0,0,0
p8cKWmTLcNtAkJ8zz4b3qTHPfGNBsokJr6DmC2TwNYr,0,0,0,0,0,0,0
2R7R6HtU9ofk1Y3epRTnXNz7M2KFLeyJdpTuLJSnS4vM,0,0,0,0,0,0,0
AZeG2bHqA5GyAKMsZkFiHyJqeaG6oTWBk5HcetMbPKS1,0,0,0,0,0,0,0
CLeuPEWyf8umzFptDH6owX3sMR6ZT4qWbj6Wijrkq1KV,0,0,0,0,0,0,0
95UsTda8V7juwyBrg2jqm94fiXaTJZYkyz2vWso6f6Ta,0,0,0,0,0,0,0
5prXjMMjzMZWyW7ReEuf7bd4yU2CvspsFWeJTTME4mS5,0,0,0,0,0,0,0
5ARoHB3f45FVhJCQSqjhVNK7Szbr4GBUuk727ANKLA5a,0,0,0,0,0,0,0
9tXiuRRw7kbejLhZXtxDxYs2REe43uH2e7k1kocgdM9B,0,0,0,0,0,0,0
9FYqF1rvD3UcojEPXabQPLET6vMv8PwZ1RZurEj1Pn2u,0,0,0,0,0,0,0
76ZBMdDNCFFA14jxvEYzvjeBdnwVmyfyPvPeHVU7rZn3,0,0,0,0,0,0,0
4LTdWB77akeGNAa7Yrp1P86NgewuWVwPWp3F3he3Fm69,0,0,0,0,0,0,0
CQKSQG1NGcpCRt1jsnogM55jtHeDDadh3zgV2pzGSwgi,0,0,0,0,0,0,0
45ruCyfdRkWpRNGEqWzjCiXRHkZs8WXCLQ67Pnpye7Hp,0,0,0,0,0,0,0
CFrDwvgnmHNaUKEkDWxiPkBWtFsHrt23vfPRmKHqKfgr,0,0,0,0,0,0,0
9MG3U5G6abTJRW7JUh7Rv4kDk33Ybcc7BRZ5RHCC7k4C,0,0,0,0,0,0,0
6g7BiRrWCoMEdy6AAbFcd7fSb3CqkezPK7UCnX73HF2o,0,0,0,0,0,0,0
3j2utDoJHYGAe4nhidpC7kGzwWuDiMZVDBGw1onBkozC,0,0,0,0,0,0,0
5Zd1bLaRKB1yciNq84NxNk4AYKA3FDB5kg8cqYcw1YLG,0,0,0,0,0,0,0
7PNQ9rfSGCbCC3XTeL6CwwAzevqQGvKXeXMxP2TjS7rM,0,0,0,0,0,0,0
FxKRK52ENjygzaSuwhu7jJAKQLSZreNcseqDKAw4xuCX,0,0,0,0,0,0,0
GSgoA18n1kKmzLVDrwM1kaNmaAvRxagvDxWEjAEBeRih,0,0,0,0,0,0,0
GXPxQsY9YgP99dHnMF7yVffV3rfzKgs75Vz4UTpwoU4n,0,0,0,0,0,0,0
HkzLpnTrdJxgbb4FzYt9pbwu9wHmKNN7XFUEcqByNG8y,0,0,0,0,0,0,0
2nG4yghLpx6t6z3CurJ5j1h4p78Mm177TtsK5AmcX1aq,0,0,0,0,0,0,0
BDSAo6MRQv5LYGEuFETGDN1wtqhLP9FdbH9w5n8gQKdv,0,0,0,0,0,0,0
EpJTUjbX4E8e2BREBWFVdKcNtW28JXUowa1HHqKEyFrt,0,0,0,0,0,0,0
6N5zgUqUpWU8z1fJG3oqQi6smDGkaHDRuEQcH1am1kyG,0,0,0,0,0,0,0
AwSfXzqwjoU9eeH4K6VV2WFKsNdrWaXBibAGnVw79ZnT,0,0,0,0,0,0,0
GoL5yTBvhDzpEfQRnkCJNAR2W6VaLgnkDoEwos6FAuki,0,0,0,0,0,0,0
F25FXBXrxa9Uthdz6pn5oHVS7VqN8sddfESKRCzQ7PLU,0,0,0,0,0,0,0
